{"cameraMode":{"drawMode":0,"name":"Shaded","section":"Shading Mode"},"sceneLighting":true,"audioPlay":false,"sceneViewState":{"showFog":false,"showMaterialUpdate":false,"showSkybox":true,"showFlares":false,"showImageEffects":false,"showParticleSystems":false},"in2DMode":false,"pivot":{"x":-12.024759292602539,"y":4.995532989501953,"z":8.292987823486329},"rotation":{"x":0.19800619781017304,"y":-0.7895782589912415,"z":0.3245602250099182,"w":0.4817020297050476},"size":49.99049758911133,"orthographic":false}